Id,Expected
img0.jpg,nelson_muntz
img1.jpg,bart_simpson
img2.jpg,principal_skinner
img3.jpg,nelson_muntz
img4.jpg,bart_simpson
img5.jpg,principal_skinner
img6.jpg,krusty_the_clown
img7.jpg,ned_flanders
img8.jpg,principal_skinner
img9.jpg,principal_skinner
img10.jpg,ned_flanders
img11.jpg,ned_flanders
img12.jpg,homer_simpson
img13.jpg,abraham_grampa_simpson
img14.jpg,nelson_muntz
img15.jpg,charles_montgomery_burns
img16.jpg,moe_szyslak
img17.jpg,comic_book_guy
img18.jpg,homer_simpson
img19.jpg,milhouse_van_houten
img20.jpg,marge_simpson
img21.jpg,ned_flanders
img22.jpg,moe_szyslak
img23.jpg,chief_wiggum
img24.jpg,chief_wiggum
img25.jpg,apu_nahasapeemapetilon
img26.jpg,abraham_grampa_simpson
img27.jpg,edna_krabappel
img28.jpg,homer_simpson
img29.jpg,moe_szyslak
img30.jpg,krusty_the_clown
img31.jpg,comic_book_guy
img32.jpg,charles_montgomery_burns
img33.jpg,marge_simpson
img34.jpg,edna_krabappel
img35.jpg,sideshow_bob
img36.jpg,chief_wiggum
img37.jpg,moe_szyslak
img38.jpg,moe_szyslak
img39.jpg,moe_szyslak
img40.jpg,moe_szyslak
img41.jpg,principal_skinner
img42.jpg,comic_book_guy
img43.jpg,mayor_quimby
img44.jpg,edna_krabappel
img45.jpg,edna_krabappel
img46.jpg,krusty_the_clown
img47.jpg,principal_skinner
img48.jpg,mayor_quimby
img49.jpg,milhouse_van_houten
img50.jpg,abraham_grampa_simpson
img51.jpg,principal_skinner
img52.jpg,milhouse_van_houten
img53.jpg,krusty_the_clown
img54.jpg,milhouse_van_houten
img55.jpg,sideshow_bob
img56.jpg,edna_krabappel
img57.jpg,bart_simpson
img58.jpg,kent_brockman
img59.jpg,bart_simpson
img60.jpg,charles_montgomery_burns
img61.jpg,chief_wiggum
img62.jpg,chief_wiggum
img63.jpg,abraham_grampa_simpson
img64.jpg,principal_skinner
img65.jpg,abraham_grampa_simpson
img66.jpg,principal_skinner
img67.jpg,milhouse_van_houten
img68.jpg,comic_book_guy
img69.jpg,bart_simpson
img70.jpg,abraham_grampa_simpson
img71.jpg,lisa_simpson
img72.jpg,chief_wiggum
img73.jpg,selma_bouvier
img74.jpg,abraham_grampa_simpson
img75.jpg,bart_simpson
img76.jpg,ned_flanders
img77.jpg,edna_krabappel
img78.jpg,charles_montgomery_burns
img79.jpg,principal_skinner
img80.jpg,milhouse_van_houten
img81.jpg,principal_skinner
img82.jpg,bart_simpson
img83.jpg,bart_simpson
img84.jpg,chief_wiggum
img85.jpg,marge_simpson
img86.jpg,lisa_simpson
img87.jpg,bart_simpson
img88.jpg,chief_wiggum
img89.jpg,sideshow_bob
img90.jpg,nelson_muntz
img91.jpg,ned_flanders
img92.jpg,apu_nahasapeemapetilon
img93.jpg,bart_simpson
img94.jpg,lisa_simpson
img95.jpg,chief_wiggum
img96.jpg,moe_szyslak
img97.jpg,krusty_the_clown
img98.jpg,charles_montgomery_burns
img99.jpg,chief_wiggum
img100.jpg,chief_wiggum
img101.jpg,apu_nahasapeemapetilon
img102.jpg,kent_brockman
img103.jpg,edna_krabappel
img104.jpg,chief_wiggum
img105.jpg,lisa_simpson
img106.jpg,kent_brockman
img107.jpg,lenny_leonard
img108.jpg,marge_simpson
img109.jpg,kent_brockman
img110.jpg,moe_szyslak
img111.jpg,chief_wiggum
img112.jpg,charles_montgomery_burns
img113.jpg,edna_krabappel
img114.jpg,moe_szyslak
img115.jpg,bart_simpson
img116.jpg,marge_simpson
img117.jpg,nelson_muntz
img118.jpg,comic_book_guy
img119.jpg,principal_skinner
img120.jpg,apu_nahasapeemapetilon
img121.jpg,krusty_the_clown
img122.jpg,krusty_the_clown
img123.jpg,ned_flanders
img124.jpg,edna_krabappel
img125.jpg,apu_nahasapeemapetilon
img126.jpg,chief_wiggum
img127.jpg,apu_nahasapeemapetilon
img128.jpg,ned_flanders
img129.jpg,milhouse_van_houten
img130.jpg,homer_simpson
img131.jpg,sideshow_bob
img132.jpg,bart_simpson
img133.jpg,charles_montgomery_burns
img134.jpg,chief_wiggum
img135.jpg,kent_brockman
img136.jpg,abraham_grampa_simpson
img137.jpg,milhouse_van_houten
img138.jpg,lenny_leonard
img139.jpg,abraham_grampa_simpson
img140.jpg,comic_book_guy
img141.jpg,chief_wiggum
img142.jpg,nelson_muntz
img143.jpg,moe_szyslak
img144.jpg,nelson_muntz
img145.jpg,apu_nahasapeemapetilon
img146.jpg,mayor_quimby
img147.jpg,bart_simpson
img148.jpg,edna_krabappel
img149.jpg,edna_krabappel
img150.jpg,ned_flanders
img151.jpg,chief_wiggum
img152.jpg,homer_simpson
img153.jpg,charles_montgomery_burns
img154.jpg,marge_simpson
img155.jpg,ned_flanders
img156.jpg,lenny_leonard
img157.jpg,ned_flanders
img158.jpg,comic_book_guy
img159.jpg,kent_brockman
img160.jpg,sideshow_bob
img161.jpg,ned_flanders
img162.jpg,ned_flanders
img163.jpg,comic_book_guy
img164.jpg,charles_montgomery_burns
img165.jpg,edna_krabappel
img166.jpg,bart_simpson
img167.jpg,kent_brockman
img168.jpg,ned_flanders
img169.jpg,krusty_the_clown
img170.jpg,chief_wiggum
img171.jpg,principal_skinner
img172.jpg,ned_flanders
img173.jpg,krusty_the_clown
img174.jpg,sideshow_bob
img175.jpg,ned_flanders
img176.jpg,chief_wiggum
img177.jpg,principal_skinner
img178.jpg,abraham_grampa_simpson
img179.jpg,krusty_the_clown
img180.jpg,krusty_the_clown
img181.jpg,bart_simpson
img182.jpg,krusty_the_clown
img183.jpg,principal_skinner
img184.jpg,lisa_simpson
img185.jpg,principal_skinner
img186.jpg,moe_szyslak
img187.jpg,milhouse_van_houten
img188.jpg,bart_simpson
img189.jpg,chief_wiggum
img190.jpg,chief_wiggum
img191.jpg,kent_brockman
img192.jpg,marge_simpson
img193.jpg,lisa_simpson
img194.jpg,apu_nahasapeemapetilon
img195.jpg,charles_montgomery_burns
img196.jpg,milhouse_van_houten
img197.jpg,apu_nahasapeemapetilon
img198.jpg,marge_simpson
img199.jpg,apu_nahasapeemapetilon
img200.jpg,edna_krabappel
img201.jpg,homer_simpson
img202.jpg,krusty_the_clown
img203.jpg,abraham_grampa_simpson
img204.jpg,principal_skinner
img205.jpg,bart_simpson
img206.jpg,milhouse_van_houten
img207.jpg,moe_szyslak
img208.jpg,lenny_leonard
img209.jpg,moe_szyslak
img210.jpg,ned_flanders
img211.jpg,lenny_leonard
img212.jpg,bart_simpson
img213.jpg,sideshow_bob
img214.jpg,chief_wiggum
img215.jpg,apu_nahasapeemapetilon
img216.jpg,mayor_quimby
img217.jpg,chief_wiggum
img218.jpg,edna_krabappel
img219.jpg,kent_brockman
img220.jpg,homer_simpson
img221.jpg,bart_simpson
img222.jpg,milhouse_van_houten
img223.jpg,apu_nahasapeemapetilon
img224.jpg,mayor_quimby
img225.jpg,charles_montgomery_burns
img226.jpg,charles_montgomery_burns
img227.jpg,bart_simpson
img228.jpg,lisa_simpson
img229.jpg,lisa_simpson
img230.jpg,moe_szyslak
img231.jpg,sideshow_bob
img232.jpg,marge_simpson
img233.jpg,edna_krabappel
img234.jpg,krusty_the_clown
img235.jpg,kent_brockman
img236.jpg,homer_simpson
img237.jpg,charles_montgomery_burns
img238.jpg,charles_montgomery_burns
img239.jpg,nelson_muntz
img240.jpg,nelson_muntz
img241.jpg,moe_szyslak
img242.jpg,homer_simpson
img243.jpg,nelson_muntz
img244.jpg,marge_simpson
img245.jpg,principal_skinner
img246.jpg,homer_simpson
img247.jpg,charles_montgomery_burns
img248.jpg,homer_simpson
img249.jpg,chief_wiggum
img250.jpg,nelson_muntz
img251.jpg,mayor_quimby
img252.jpg,bart_simpson
img253.jpg,apu_nahasapeemapetilon
img254.jpg,homer_simpson
img255.jpg,nelson_muntz
img256.jpg,milhouse_van_houten
img257.jpg,krusty_the_clown
img258.jpg,abraham_grampa_simpson
img259.jpg,lisa_simpson
img260.jpg,chief_wiggum
img261.jpg,bart_simpson
img262.jpg,homer_simpson
img263.jpg,krusty_the_clown
img264.jpg,principal_skinner
img265.jpg,nelson_muntz
img266.jpg,homer_simpson
img267.jpg,homer_simpson
img268.jpg,ned_flanders
img269.jpg,chief_wiggum
img270.jpg,kent_brockman
img271.jpg,apu_nahasapeemapetilon
img272.jpg,nelson_muntz
img273.jpg,bart_simpson
img274.jpg,charles_montgomery_burns
img275.jpg,principal_skinner
img276.jpg,mayor_quimby
img277.jpg,chief_wiggum
img278.jpg,bart_simpson
img279.jpg,abraham_grampa_simpson
img280.jpg,nelson_muntz
img281.jpg,abraham_grampa_simpson
img282.jpg,marge_simpson
img283.jpg,chief_wiggum
img284.jpg,lenny_leonard
img285.jpg,ned_flanders
img286.jpg,kent_brockman
img287.jpg,marge_simpson
img288.jpg,marge_simpson
img289.jpg,kent_brockman
img290.jpg,charles_montgomery_burns
img291.jpg,principal_skinner
img292.jpg,apu_nahasapeemapetilon
img293.jpg,bart_simpson
img294.jpg,edna_krabappel
img295.jpg,moe_szyslak
img296.jpg,ned_flanders
img297.jpg,comic_book_guy
img298.jpg,moe_szyslak
img299.jpg,krusty_the_clown
img300.jpg,milhouse_van_houten
img301.jpg,apu_nahasapeemapetilon
img302.jpg,bart_simpson
img303.jpg,krusty_the_clown
img304.jpg,edna_krabappel
img305.jpg,nelson_muntz
img306.jpg,marge_simpson
img307.jpg,krusty_the_clown
img308.jpg,sideshow_bob
img309.jpg,homer_simpson
img310.jpg,edna_krabappel
img311.jpg,bart_simpson
img312.jpg,kent_brockman
img313.jpg,milhouse_van_houten
img314.jpg,apu_nahasapeemapetilon
img315.jpg,moe_szyslak
img316.jpg,apu_nahasapeemapetilon
img317.jpg,edna_krabappel
img318.jpg,milhouse_van_houten
img319.jpg,comic_book_guy
img320.jpg,nelson_muntz
img321.jpg,charles_montgomery_burns
img322.jpg,bart_simpson
img323.jpg,nelson_muntz
img324.jpg,nelson_muntz
img325.jpg,moe_szyslak
img326.jpg,moe_szyslak
img327.jpg,charles_montgomery_burns
img328.jpg,edna_krabappel
img329.jpg,ned_flanders
img330.jpg,apu_nahasapeemapetilon
img331.jpg,milhouse_van_houten
img332.jpg,moe_szyslak
img333.jpg,principal_skinner
img334.jpg,principal_skinner
img335.jpg,principal_skinner
img336.jpg,marge_simpson
img337.jpg,homer_simpson
img338.jpg,ned_flanders
img339.jpg,principal_skinner
img340.jpg,marge_simpson
img341.jpg,bart_simpson
img342.jpg,lisa_simpson
img343.jpg,kent_brockman
img344.jpg,principal_skinner
img345.jpg,principal_skinner
img346.jpg,lenny_leonard
img347.jpg,chief_wiggum
img348.jpg,charles_montgomery_burns
img349.jpg,sideshow_bob
img350.jpg,principal_skinner
img351.jpg,homer_simpson
img352.jpg,krusty_the_clown
img353.jpg,homer_simpson
img354.jpg,principal_skinner
img355.jpg,principal_skinner
img356.jpg,homer_simpson
img357.jpg,edna_krabappel
img358.jpg,charles_montgomery_burns
img359.jpg,krusty_the_clown
img360.jpg,nelson_muntz
img361.jpg,lenny_leonard
img362.jpg,ned_flanders
img363.jpg,chief_wiggum
img364.jpg,sideshow_bob
img365.jpg,lisa_simpson
img366.jpg,lenny_leonard
img367.jpg,sideshow_bob
img368.jpg,sideshow_bob
img369.jpg,homer_simpson
img370.jpg,kent_brockman
img371.jpg,nelson_muntz
img372.jpg,ned_flanders
img373.jpg,lenny_leonard
img374.jpg,kent_brockman
img375.jpg,abraham_grampa_simpson
img376.jpg,nelson_muntz
img377.jpg,ned_flanders
img378.jpg,kent_brockman
img379.jpg,bart_simpson
img380.jpg,ralph_wiggum
img381.jpg,sideshow_bob
img382.jpg,lisa_simpson
img383.jpg,principal_skinner
img384.jpg,sideshow_bob
img385.jpg,bart_simpson
img386.jpg,bart_simpson
img387.jpg,bart_simpson
img388.jpg,marge_simpson
img389.jpg,principal_skinner
img390.jpg,bart_simpson
img391.jpg,apu_nahasapeemapetilon
img392.jpg,principal_skinner
img393.jpg,abraham_grampa_simpson
img394.jpg,lenny_leonard
img395.jpg,milhouse_van_houten
img396.jpg,lenny_leonard
img397.jpg,edna_krabappel
img398.jpg,comic_book_guy
img399.jpg,bart_simpson
img400.jpg,abraham_grampa_simpson
img401.jpg,chief_wiggum
img402.jpg,krusty_the_clown
img403.jpg,milhouse_van_houten
img404.jpg,comic_book_guy
img405.jpg,principal_skinner
img406.jpg,edna_krabappel
img407.jpg,homer_simpson
img408.jpg,comic_book_guy
img409.jpg,kent_brockman
img410.jpg,principal_skinner
img411.jpg,kent_brockman
img412.jpg,krusty_the_clown
img413.jpg,nelson_muntz
img414.jpg,patty_bouvier
img415.jpg,sideshow_bob
img416.jpg,moe_szyslak
img417.jpg,lenny_leonard
img418.jpg,bart_simpson
img419.jpg,lenny_leonard
img420.jpg,principal_skinner
img421.jpg,bart_simpson
img422.jpg,milhouse_van_houten
img423.jpg,lenny_leonard
img424.jpg,abraham_grampa_simpson
img425.jpg,abraham_grampa_simpson
img426.jpg,milhouse_van_houten
img427.jpg,mayor_quimby
img428.jpg,marge_simpson
img429.jpg,kent_brockman
img430.jpg,homer_simpson
img431.jpg,krusty_the_clown
img432.jpg,krusty_the_clown
img433.jpg,milhouse_van_houten
img434.jpg,lisa_simpson
img435.jpg,ned_flanders
img436.jpg,lisa_simpson
img437.jpg,principal_skinner
img438.jpg,krusty_the_clown
img439.jpg,lenny_leonard
img440.jpg,sideshow_bob
img441.jpg,marge_simpson
img442.jpg,comic_book_guy
img443.jpg,apu_nahasapeemapetilon
img444.jpg,chief_wiggum
img445.jpg,lisa_simpson
img446.jpg,milhouse_van_houten
img447.jpg,nelson_muntz
img448.jpg,lisa_simpson
img449.jpg,sideshow_bob
img450.jpg,sideshow_bob
img451.jpg,abraham_grampa_simpson
img452.jpg,edna_krabappel
img453.jpg,comic_book_guy
img454.jpg,moe_szyslak
img455.jpg,ned_flanders
img456.jpg,moe_szyslak
img457.jpg,ned_flanders
img458.jpg,mayor_quimby
img459.jpg,ned_flanders
img460.jpg,edna_krabappel
img461.jpg,principal_skinner
img462.jpg,nelson_muntz
img463.jpg,moe_szyslak
img464.jpg,edna_krabappel
img465.jpg,ned_flanders
img466.jpg,milhouse_van_houten
img467.jpg,kent_brockman
img468.jpg,sideshow_bob
img469.jpg,principal_skinner
img470.jpg,principal_skinner
img471.jpg,homer_simpson
img472.jpg,homer_simpson
img473.jpg,sideshow_bob
img474.jpg,milhouse_van_houten
img475.jpg,bart_simpson
img476.jpg,moe_szyslak
img477.jpg,bart_simpson
img478.jpg,charles_montgomery_burns
img479.jpg,apu_nahasapeemapetilon
img480.jpg,milhouse_van_houten
img481.jpg,charles_montgomery_burns
img482.jpg,principal_skinner
img483.jpg,charles_montgomery_burns
img484.jpg,marge_simpson
img485.jpg,principal_skinner
img486.jpg,charles_montgomery_burns
img487.jpg,krusty_the_clown
img488.jpg,apu_nahasapeemapetilon
img489.jpg,abraham_grampa_simpson
img490.jpg,bart_simpson
img491.jpg,ned_flanders
img492.jpg,lisa_simpson
img493.jpg,principal_skinner
img494.jpg,kent_brockman
img495.jpg,nelson_muntz
img496.jpg,comic_book_guy
img497.jpg,milhouse_van_houten
img498.jpg,chief_wiggum
img499.jpg,principal_skinner
img500.jpg,abraham_grampa_simpson
img501.jpg,edna_krabappel
img502.jpg,ned_flanders
img503.jpg,krusty_the_clown
img504.jpg,charles_montgomery_burns
img505.jpg,lisa_simpson
img506.jpg,lenny_leonard
img507.jpg,homer_simpson
img508.jpg,apu_nahasapeemapetilon
img509.jpg,comic_book_guy
img510.jpg,bart_simpson
img511.jpg,marge_simpson
img512.jpg,charles_montgomery_burns
img513.jpg,lisa_simpson
img514.jpg,chief_wiggum
img515.jpg,lisa_simpson
img516.jpg,kent_brockman
img517.jpg,homer_simpson
img518.jpg,krusty_the_clown
img519.jpg,milhouse_van_houten
img520.jpg,lisa_simpson
img521.jpg,edna_krabappel
img522.jpg,lisa_simpson
img523.jpg,principal_skinner
img524.jpg,bart_simpson
img525.jpg,abraham_grampa_simpson
img526.jpg,milhouse_van_houten
img527.jpg,chief_wiggum
img528.jpg,apu_nahasapeemapetilon
img529.jpg,charles_montgomery_burns
img530.jpg,homer_simpson
img531.jpg,comic_book_guy
img532.jpg,homer_simpson
img533.jpg,bart_simpson
img534.jpg,abraham_grampa_simpson
img535.jpg,lenny_leonard
img536.jpg,ned_flanders
img537.jpg,principal_skinner
img538.jpg,nelson_muntz
img539.jpg,moe_szyslak
img540.jpg,abraham_grampa_simpson
img541.jpg,homer_simpson
img542.jpg,nelson_muntz
img543.jpg,abraham_grampa_simpson
img544.jpg,principal_skinner
img545.jpg,nelson_muntz
img546.jpg,kent_brockman
img547.jpg,krusty_the_clown
img548.jpg,ned_flanders
img549.jpg,marge_simpson
img550.jpg,ned_flanders
img551.jpg,lenny_leonard
img552.jpg,milhouse_van_houten
img553.jpg,krusty_the_clown
img554.jpg,apu_nahasapeemapetilon
img555.jpg,comic_book_guy
img556.jpg,chief_wiggum
img557.jpg,bart_simpson
img558.jpg,marge_simpson
img559.jpg,milhouse_van_houten
img560.jpg,principal_skinner
img561.jpg,krusty_the_clown
img562.jpg,kent_brockman
img563.jpg,moe_szyslak
img564.jpg,apu_nahasapeemapetilon
img565.jpg,charles_montgomery_burns
img566.jpg,sideshow_bob
img567.jpg,moe_szyslak
img568.jpg,principal_skinner
img569.jpg,moe_szyslak
img570.jpg,apu_nahasapeemapetilon
img571.jpg,abraham_grampa_simpson
img572.jpg,abraham_grampa_simpson
img573.jpg,ned_flanders
img574.jpg,moe_szyslak
img575.jpg,abraham_grampa_simpson
img576.jpg,kent_brockman
img577.jpg,abraham_grampa_simpson
img578.jpg,moe_szyslak
img579.jpg,comic_book_guy
img580.jpg,krusty_the_clown
img581.jpg,chief_wiggum
img582.jpg,homer_simpson
img583.jpg,bart_simpson
img584.jpg,lenny_leonard
img585.jpg,apu_nahasapeemapetilon
img586.jpg,ned_flanders
img587.jpg,krusty_the_clown
img588.jpg,abraham_grampa_simpson
img589.jpg,nelson_muntz
img590.jpg,moe_szyslak
img591.jpg,chief_wiggum
img592.jpg,ned_flanders
img593.jpg,principal_skinner
img594.jpg,kent_brockman
img595.jpg,ned_flanders
img596.jpg,ralph_wiggum
img597.jpg,homer_simpson
img598.jpg,krusty_the_clown
img599.jpg,bart_simpson
img600.jpg,chief_wiggum
img601.jpg,apu_nahasapeemapetilon
img602.jpg,moe_szyslak
img603.jpg,homer_simpson
img604.jpg,principal_skinner
img605.jpg,comic_book_guy
img606.jpg,abraham_grampa_simpson
img607.jpg,homer_simpson
img608.jpg,apu_nahasapeemapetilon
img609.jpg,lisa_simpson
img610.jpg,chief_wiggum
img611.jpg,homer_simpson
img612.jpg,marge_simpson
img613.jpg,bart_simpson
img614.jpg,homer_simpson
img615.jpg,edna_krabappel
img616.jpg,charles_montgomery_burns
img617.jpg,chief_wiggum
img618.jpg,principal_skinner
img619.jpg,charles_montgomery_burns
img620.jpg,krusty_the_clown
img621.jpg,bart_simpson
img622.jpg,marge_simpson
img623.jpg,homer_simpson
img624.jpg,mayor_quimby
img625.jpg,mayor_quimby
img626.jpg,nelson_muntz
img627.jpg,homer_simpson
img628.jpg,ned_flanders
img629.jpg,lenny_leonard
img630.jpg,bart_simpson
img631.jpg,principal_skinner
img632.jpg,ned_flanders
img633.jpg,abraham_grampa_simpson
img634.jpg,ned_flanders
img635.jpg,charles_montgomery_burns
img636.jpg,nelson_muntz
img637.jpg,bart_simpson
img638.jpg,lisa_simpson
img639.jpg,homer_simpson
img640.jpg,ned_flanders
img641.jpg,nelson_muntz
img642.jpg,moe_szyslak
img643.jpg,chief_wiggum
img644.jpg,apu_nahasapeemapetilon
img645.jpg,sideshow_bob
img646.jpg,chief_wiggum
img647.jpg,marge_simpson
img648.jpg,krusty_the_clown
img649.jpg,marge_simpson
img650.jpg,sideshow_bob
img651.jpg,lenny_leonard
img652.jpg,ned_flanders
img653.jpg,charles_montgomery_burns
img654.jpg,kent_brockman
img655.jpg,principal_skinner
img656.jpg,principal_skinner
img657.jpg,lisa_simpson
img658.jpg,sideshow_bob
img659.jpg,charles_montgomery_burns
img660.jpg,nelson_muntz
img661.jpg,abraham_grampa_simpson
img662.jpg,principal_skinner
img663.jpg,chief_wiggum
img664.jpg,homer_simpson
img665.jpg,edna_krabappel
img666.jpg,chief_wiggum
img667.jpg,moe_szyslak
img668.jpg,principal_skinner
img669.jpg,ned_flanders
img670.jpg,charles_montgomery_burns
img671.jpg,kent_brockman
img672.jpg,milhouse_van_houten
img673.jpg,homer_simpson
img674.jpg,nelson_muntz
img675.jpg,charles_montgomery_burns
img676.jpg,moe_szyslak
img677.jpg,edna_krabappel
img678.jpg,ned_flanders
img679.jpg,principal_skinner
img680.jpg,kent_brockman
img681.jpg,apu_nahasapeemapetilon
img682.jpg,homer_simpson
img683.jpg,sideshow_bob
img684.jpg,homer_simpson
img685.jpg,nelson_muntz
img686.jpg,lenny_leonard
img687.jpg,homer_simpson
img688.jpg,moe_szyslak
img689.jpg,bart_simpson
img690.jpg,kent_brockman
img691.jpg,nelson_muntz
img692.jpg,charles_montgomery_burns
img693.jpg,abraham_grampa_simpson
img694.jpg,milhouse_van_houten
img695.jpg,principal_skinner
img696.jpg,kent_brockman
img697.jpg,krusty_the_clown
img698.jpg,milhouse_van_houten
img699.jpg,bart_simpson
img700.jpg,abraham_grampa_simpson
img701.jpg,kent_brockman
img702.jpg,apu_nahasapeemapetilon
img703.jpg,nelson_muntz
img704.jpg,principal_skinner
img705.jpg,charles_montgomery_burns
img706.jpg,kent_brockman
img707.jpg,milhouse_van_houten
img708.jpg,apu_nahasapeemapetilon
img709.jpg,marge_simpson
img710.jpg,moe_szyslak
img711.jpg,lenny_leonard
img712.jpg,lenny_leonard
img713.jpg,milhouse_van_houten
img714.jpg,charles_montgomery_burns
img715.jpg,edna_krabappel
img716.jpg,mayor_quimby
img717.jpg,moe_szyslak
img718.jpg,apu_nahasapeemapetilon
img719.jpg,principal_skinner
img720.jpg,charles_montgomery_burns
img721.jpg,edna_krabappel
img722.jpg,mayor_quimby
img723.jpg,homer_simpson
img724.jpg,chief_wiggum
img725.jpg,krusty_the_clown
img726.jpg,lenny_leonard
img727.jpg,homer_simpson
img728.jpg,charles_montgomery_burns
img729.jpg,bart_simpson
img730.jpg,apu_nahasapeemapetilon
img731.jpg,apu_nahasapeemapetilon
img732.jpg,sideshow_bob
img733.jpg,edna_krabappel
img734.jpg,selma_bouvier
img735.jpg,comic_book_guy
img736.jpg,sideshow_bob
img737.jpg,charles_montgomery_burns
img738.jpg,chief_wiggum
img739.jpg,bart_simpson
img740.jpg,abraham_grampa_simpson
img741.jpg,principal_skinner
img742.jpg,edna_krabappel
img743.jpg,edna_krabappel
img744.jpg,abraham_grampa_simpson
img745.jpg,lenny_leonard
img746.jpg,mayor_quimby
img747.jpg,milhouse_van_houten
img748.jpg,principal_skinner
img749.jpg,apu_nahasapeemapetilon
img750.jpg,principal_skinner
img751.jpg,lenny_leonard
img752.jpg,sideshow_bob
img753.jpg,principal_skinner
img754.jpg,chief_wiggum
img755.jpg,charles_montgomery_burns
img756.jpg,comic_book_guy
img757.jpg,chief_wiggum
img758.jpg,krusty_the_clown
img759.jpg,marge_simpson
img760.jpg,principal_skinner
img761.jpg,kent_brockman
img762.jpg,charles_montgomery_burns
img763.jpg,bart_simpson
img764.jpg,chief_wiggum
img765.jpg,ned_flanders
img766.jpg,bart_simpson
img767.jpg,bart_simpson
img768.jpg,marge_simpson
img769.jpg,moe_szyslak
img770.jpg,abraham_grampa_simpson
img771.jpg,bart_simpson
img772.jpg,homer_simpson
img773.jpg,abraham_grampa_simpson
img774.jpg,lisa_simpson
img775.jpg,kent_brockman
img776.jpg,nelson_muntz
img777.jpg,kent_brockman
img778.jpg,principal_skinner
img779.jpg,kent_brockman
img780.jpg,milhouse_van_houten
img781.jpg,principal_skinner
img782.jpg,bart_simpson
img783.jpg,ned_flanders
img784.jpg,chief_wiggum
img785.jpg,milhouse_van_houten
img786.jpg,ned_flanders
img787.jpg,principal_skinner
img788.jpg,kent_brockman
img789.jpg,edna_krabappel
img790.jpg,comic_book_guy
img791.jpg,bart_simpson
img792.jpg,chief_wiggum
img793.jpg,bart_simpson
img794.jpg,sideshow_bob
img795.jpg,ned_flanders
img796.jpg,nelson_muntz
img797.jpg,homer_simpson
img798.jpg,principal_skinner
img799.jpg,sideshow_bob
img800.jpg,abraham_grampa_simpson
img801.jpg,homer_simpson
img802.jpg,chief_wiggum
img803.jpg,milhouse_van_houten
img804.jpg,edna_krabappel
img805.jpg,charles_montgomery_burns
img806.jpg,milhouse_van_houten
img807.jpg,moe_szyslak
img808.jpg,principal_skinner
img809.jpg,edna_krabappel
img810.jpg,homer_simpson
img811.jpg,comic_book_guy
img812.jpg,apu_nahasapeemapetilon
img813.jpg,edna_krabappel
img814.jpg,kent_brockman
img815.jpg,principal_skinner
img816.jpg,marge_simpson
img817.jpg,ned_flanders
img818.jpg,homer_simpson
img819.jpg,kent_brockman
img820.jpg,abraham_grampa_simpson
img821.jpg,moe_szyslak
img822.jpg,marge_simpson
img823.jpg,ned_flanders
img824.jpg,homer_simpson
img825.jpg,nelson_muntz
img826.jpg,apu_nahasapeemapetilon
img827.jpg,comic_book_guy
img828.jpg,homer_simpson
img829.jpg,sideshow_bob
img830.jpg,abraham_grampa_simpson
img831.jpg,chief_wiggum
img832.jpg,nelson_muntz
img833.jpg,homer_simpson
img834.jpg,edna_krabappel
img835.jpg,homer_simpson
img836.jpg,edna_krabappel
img837.jpg,bart_simpson
img838.jpg,moe_szyslak
img839.jpg,charles_montgomery_burns
img840.jpg,charles_montgomery_burns
img841.jpg,abraham_grampa_simpson
img842.jpg,ned_flanders
img843.jpg,kent_brockman
img844.jpg,krusty_the_clown
img845.jpg,chief_wiggum
img846.jpg,comic_book_guy
img847.jpg,marge_simpson
img848.jpg,charles_montgomery_burns
img849.jpg,charles_montgomery_burns
img850.jpg,edna_krabappel
img851.jpg,principal_skinner
img852.jpg,lisa_simpson
img853.jpg,principal_skinner
img854.jpg,abraham_grampa_simpson
img855.jpg,kent_brockman
img856.jpg,mayor_quimby
img857.jpg,marge_simpson
img858.jpg,sideshow_bob
img859.jpg,marge_simpson
img860.jpg,principal_skinner
img861.jpg,charles_montgomery_burns
img862.jpg,marge_simpson
img863.jpg,lenny_leonard
img864.jpg,edna_krabappel
img865.jpg,krusty_the_clown
img866.jpg,marge_simpson
img867.jpg,principal_skinner
img868.jpg,krusty_the_clown
img869.jpg,lisa_simpson
img870.jpg,nelson_muntz
img871.jpg,marge_simpson
img872.jpg,milhouse_van_houten
img873.jpg,comic_book_guy
img874.jpg,milhouse_van_houten
img875.jpg,homer_simpson
img876.jpg,apu_nahasapeemapetilon
img877.jpg,lenny_leonard
img878.jpg,sideshow_bob
img879.jpg,abraham_grampa_simpson
img880.jpg,bart_simpson
img881.jpg,lisa_simpson
img882.jpg,kent_brockman
img883.jpg,homer_simpson
img884.jpg,marge_simpson
img885.jpg,bart_simpson
img886.jpg,principal_skinner
img887.jpg,homer_simpson
img888.jpg,charles_montgomery_burns
img889.jpg,principal_skinner
img890.jpg,ned_flanders
img891.jpg,principal_skinner
img892.jpg,krusty_the_clown
img893.jpg,bart_simpson
img894.jpg,sideshow_bob
img895.jpg,bart_simpson
img896.jpg,abraham_grampa_simpson
img897.jpg,bart_simpson
img898.jpg,moe_szyslak
img899.jpg,ned_flanders
img900.jpg,marge_simpson
img901.jpg,apu_nahasapeemapetilon
img902.jpg,moe_szyslak
img903.jpg,bart_simpson
img904.jpg,nelson_muntz
img905.jpg,bart_simpson
img906.jpg,principal_skinner
img907.jpg,ned_flanders
img908.jpg,moe_szyslak
img909.jpg,sideshow_bob
img910.jpg,moe_szyslak
img911.jpg,chief_wiggum
img912.jpg,principal_skinner
img913.jpg,lisa_simpson
img914.jpg,bart_simpson
img915.jpg,marge_simpson
img916.jpg,mayor_quimby
img917.jpg,apu_nahasapeemapetilon
img918.jpg,krusty_the_clown
img919.jpg,sideshow_bob
img920.jpg,charles_montgomery_burns
img921.jpg,lenny_leonard
img922.jpg,charles_montgomery_burns
img923.jpg,abraham_grampa_simpson
img924.jpg,homer_simpson
img925.jpg,krusty_the_clown
img926.jpg,comic_book_guy
img927.jpg,principal_skinner
img928.jpg,kent_brockman
img929.jpg,sideshow_bob
img930.jpg,comic_book_guy
img931.jpg,ned_flanders
img932.jpg,edna_krabappel
img933.jpg,edna_krabappel
img934.jpg,principal_skinner
img935.jpg,kent_brockman
img936.jpg,milhouse_van_houten
img937.jpg,edna_krabappel
img938.jpg,edna_krabappel
img939.jpg,milhouse_van_houten
img940.jpg,kent_brockman
img941.jpg,lenny_leonard
img942.jpg,principal_skinner
img943.jpg,charles_montgomery_burns
img944.jpg,edna_krabappel
img945.jpg,homer_simpson
img946.jpg,ned_flanders
img947.jpg,sideshow_bob
img948.jpg,comic_book_guy
img949.jpg,krusty_the_clown
img950.jpg,waylon_smithers
img951.jpg,principal_skinner
img952.jpg,marge_simpson
img953.jpg,sideshow_bob
img954.jpg,ned_flanders
img955.jpg,principal_skinner
img956.jpg,homer_simpson
img957.jpg,moe_szyslak
img958.jpg,apu_nahasapeemapetilon
img959.jpg,principal_skinner
img960.jpg,milhouse_van_houten
img961.jpg,marge_simpson
img962.jpg,krusty_the_clown
img963.jpg,apu_nahasapeemapetilon
img964.jpg,marge_simpson
img965.jpg,moe_szyslak
img966.jpg,nelson_muntz
img967.jpg,milhouse_van_houten
img968.jpg,principal_skinner
img969.jpg,milhouse_van_houten
img970.jpg,ned_flanders
img971.jpg,nelson_muntz
img972.jpg,homer_simpson
img973.jpg,mayor_quimby
img974.jpg,principal_skinner
img975.jpg,sideshow_bob
img976.jpg,bart_simpson
img977.jpg,principal_skinner
img978.jpg,homer_simpson
img979.jpg,bart_simpson
img980.jpg,krusty_the_clown
img981.jpg,lisa_simpson
img982.jpg,principal_skinner
img983.jpg,bart_simpson
img984.jpg,apu_nahasapeemapetilon
img985.jpg,marge_simpson
img986.jpg,sideshow_bob
img987.jpg,nelson_muntz
img988.jpg,chief_wiggum
img989.jpg,charles_montgomery_burns
img990.jpg,krusty_the_clown
